Time,Lat,Long,Altitude,Speed o.g.,SS-RSRP,SS-SINR,SS-RSRQ,Num Beams,Beam Index,Net PDSCH Thp​ (PCell),Bandwidth DL,BLER,Num PDSCH Carrier,Net PUSCH Thp,TxPower​ (PCell),Bandwidth UL,Num PUSCH Carrier,Retransmission,PUCCH Tx power,PLMNID (MCC/MNC),Technology,Data technology,RF Band,PCI
2021-07-15 09:05:10.520,,,,,,,,,,,,,,,,,,,,,,,,
2021-07-15 09:05:10.530,,,,,,,,,,,,,,,,,,,0,,,,,
2021-07-15 09:05:10.940,,,,,,,,,,,,,,,,,,,0,,LTE,LTE,,
2021-07-15 09:05:11.205,,,,,,,,,,,,,,,,,,,-2,,LTE,LTE,,
2021-07-15 09:05:11.275,,,,,,,,,,,98.28,,,,,98.28,,,-2,,LTE,LTE,n78 - 3500 (TDD),64
2021-07-15 09:05:11.275,,,,,,,,3,,,98.28,,,,,98.28,,,-2,,LTE,LTE,n78 - 3500 (TDD),64
2021-07-15 09:05:11.330,,,,,,,,3,,,98.28,,,,,98.28,,,-2,,LTE,LTE-5GNR,n78 - 3500 (TDD),64
2021-07-15 09:05:11.330,,,,,,,,3,,,98.28,,1,,,98.28,,,-2,,LTE,LTE-5GNR,n78 - 3500 (TDD),64
2021-07-15 09:05:11.330,,,,,,,,3,,0.0,98.28,,1,,,98.28,,,-2,,LTE,LTE-5GNR,n78 - 3500 (TDD),64
2021-07-15 09:05:11.335,,,,,,,,3,,0.0,98.28,,1,,15.2,98.28,,,-2,,LTE,LTE-5GNR,n78 - 3500 (TDD),64
2021-07-15 09:05:11.335,61.453075,23.844853,204.5,0,,,,3,,0.0,98.28,,1,,15.2,98.28,,,-2,,LTE,LTE-5GNR,n78 - 3500 (TDD),64
2021-07-15 09:05:11.340,61.453075,23.844853,204.5,0,-108.2,,-10.8,3,4,0.0,98.28,,1,,15.2,98.28,,,-2,,LTE,LTE-5GNR,n78 - 3500 (TDD),64
2021-07-15 09:05:11.360,61.453075,23.844853,204.5,0,-108.2,,-10.8,3,4,0.004,98.28,0.0,1,,15.2,98.28,,,-2,,LTE,LTE-5GNR,n78 - 3500 (TDD),64
2021-07-15 09:05:11.475,61.453075,23.844853,204.5,0,-108.2,,-10.8,3,4,0.004,98.28,0.0,1,,14.8,98.28,,,-2,,LTE,LTE-5GNR,n78 - 3500 (TDD),64
2021-07-15 09:05:11.710,61.453075,23.844853,204.5,0,-108.2,,-10.8,3,4,0.004,98.28,0.0,1,,14.8,98.28,,,2,,LTE,LTE-5GNR,n78 - 3500 (TDD),64
2021-07-15 09:05:11.835,61.453075,23.844853,204.5,0,-111.3,8.7,-11.1,3,4,0.004,98.28,0.0,1,,14.8,98.28,,,2,,LTE,LTE-5GNR,n78 - 3500 (TDD),64
2021-07-15 09:05:11.995,61.453075,23.844853,204.5,0,-111.3,8.7,-11.1,3,4,0.004,98.28,0.0,1,,14.8,98.28,1,,2,,LTE,LTE-5GNR,n78 - 3500 (TDD),64
2021-07-15 09:05:11.995,61.453075,23.844853,204.5,0,-111.3,8.7,-11.1,3,4,0.004,98.28,0.0,1,0.0,14.8,98.28,1,,2,,LTE,LTE-5GNR,n78 - 3500 (TDD),64
2021-07-15 09:05:12.20,61.453075,23.844853,204.5,0,-111.3,8.7,-11.1,3,4,0.0,98.28,0.0,1,0.0,14.8,98.28,1,,2,,LTE,LTE-5GNR,n78 - 3500 (TDD),64
2021-07-15 09:05:12.20,61.453075,23.844853,204.5,0,-111.3,8.7,-11.1,3,4,0.0,98.28,0.0,1,0.0,15.8,98.28,1,,2,,LTE,LTE-5GNR,n78 - 3500 (TDD),64
2021-07-15 09:05:12.25,61.453075,23.844853,204.5,0,-111.3,8.7,-11.1,3,4,0.0,98.28,0.0,1,0.004,15.8,98.28,1,0.0,2,,LTE,LTE-5GNR,n78 - 3500 (TDD),64
2021-07-15 09:05:12.210,61.453075,23.844853,204.5,0,-111.3,8.7,-11.1,3,4,0.0,98.28,0.0,1,0.004,15.8,98.28,1,0.0,6,,LTE,LTE-5GNR,n78 - 3500 (TDD),64
2021-07-15 09:05:12.220,61.453075,23.844853,204.5,0,-111.3,8.7,-11.1,3,4,0.0,98.28,0.0,1,0.004,15.0,98.28,1,0.0,6,,LTE,LTE-5GNR,n78 - 3500 (TDD),64
2021-07-15 09:05:12.310,61.453075,23.844853,204.5,0,-111.3,8.7,-11.1,3,4,0.0,98.28,0.0,1,0.004,15.0,98.28,1,0.0,5,,LTE,LTE-5GNR,n78 - 3500 (TDD),64
2021-07-15 09:05:12.315,61.453075,23.844853,204.5,0,-111.9,11.5,-10.9,3,4,0.0,98.28,0.0,1,0.004,15.0,98.28,1,0.0,5,,LTE,LTE-5GNR,n78 - 3500 (TDD),64
2021-07-15 09:05:12.480,61.453075,23.844853,204.5,0,-111.9,11.5,-10.9,3,4,0.053,98.28,20.0,1,0.004,15.0,98.28,1,0.0,5,,LTE,LTE-5GNR,n78 - 3500 (TDD),64
2021-07-15 09:05:12.525,61.453075,23.844853,204.5,0,-111.9,11.5,-10.9,3,4,0.053,98.28,20.0,1,0.132,15.0,98.28,1,8.2,5,,LTE,LTE-5GNR,n78 - 3500 (TDD),64
2021-07-15 09:05:12.820,61.453075,23.844853,204.5,0,-111.9,11.5,-10.9,3,4,0.053,98.28,20.0,1,0.132,15.0,98.28,1,8.2,4,,LTE,LTE-5GNR,n78 - 3500 (TDD),64
2021-07-15 09:05:12.955,61.453075,23.844853,204.5,0,-111.3,12.3,-10.9,3,4,0.053,98.28,20.0,1,0.132,15.0,98.28,1,8.2,4,,LTE,LTE-5GNR,n78 - 3500 (TDD),64
2021-07-15 09:05:12.975,61.453075,23.844853,204.5,0,-111.3,12.3,-10.9,3,4,0.053,98.28,0.0,1,0.132,15.0,98.28,1,8.2,4,,LTE,LTE-5GNR,n78 - 3500 (TDD),64
2021-07-15 09:05:13.20,61.453075,23.844853,204.5,0,-111.3,12.3,-10.9,3,4,0.053,98.28,0.0,1,0.331,15.0,98.28,1,5.2,4,,LTE,LTE-5GNR,n78 - 3500 (TDD),64
2021-07-15 09:05:13.440,61.453075,23.844853,204.5,0,-111.2,12.1,-10.9,3,4,0.053,98.28,0.0,1,0.331,15.0,98.28,1,5.2,4,,LTE,LTE-5GNR,n78 - 3500 (TDD),64
2021-07-15 09:05:13.475,61.453075,23.844853,204.5,0,-111.2,12.1,-10.9,3,4,0.044,98.28,0.0,1,0.331,15.0,98.28,1,5.2,4,,LTE,LTE-5GNR,n78 - 3500 (TDD),64
2021-07-15 09:05:13.520,61.453075,23.844853,204.5,0,-111.2,12.1,-10.9,3,4,0.044,98.28,0.0,1,0.421,15.0,98.28,1,5.7,4,,LTE,LTE-5GNR,n78 - 3500 (TDD),64
2021-07-15 09:05:13.560,61.453075,23.844853,204.5,0,-111.2,12.1,-10.9,3,4,0.044,98.28,0.0,1,0.421,,98.28,1,5.7,,,LTE,LTE-5GNR,n78 - 3500 (TDD),64
2021-07-15 09:05:13.745,61.453075,23.844853,204.5,0,-111.2,12.1,-10.9,3,4,0.044,98.28,0.0,1,0.421,17.0,98.28,1,5.7,,,LTE,LTE-5GNR,n78 - 3500 (TDD),64
2021-07-15 09:05:13.820,61.453075,23.844853,204.5,0,-111.2,12.1,-10.9,3,4,0.044,98.28,0.0,1,0.421,17.0,98.28,1,5.7,5,,LTE,LTE-5GNR,n78 - 3500 (TDD),64
2021-07-15 09:05:13.920,61.453075,23.844853,204.5,0,-111.2,12.1,-10.9,3,4,0.033,98.28,0.0,1,0.421,17.0,98.28,1,5.7,5,,LTE,LTE-5GNR,n78 - 3500 (TDD),64
2021-07-15 09:05:13.960,61.453075,23.844853,204.5,0,-114.0,7.5,-11.2,3,4,0.033,98.28,0.0,1,0.421,17.0,98.28,1,5.7,5,,LTE,LTE-5GNR,n78 - 3500 (TDD),64
2021-07-15 09:05:14.20,61.453075,23.844853,204.5,0,-114.0,7.5,-11.2,3,4,0.033,98.28,0.0,1,0.411,17.0,98.28,1,7.6,5,,LTE,LTE-5GNR,n78 - 3500 (TDD),64
2021-07-15 09:05:14.320,61.453075,23.844853,204.5,0,-114.0,7.5,-11.2,3,4,0.033,98.28,0.0,1,0.411,17.0,98.28,1,7.6,4,,LTE,LTE-5GNR,n78 - 3500 (TDD),64
2021-07-15 09:05:14.420,61.453075,23.844853,204.5,0,-114.0,7.5,-11.2,3,4,0.038,98.28,0.0,1,0.411,17.0,98.28,1,7.6,4,,LTE,LTE-5GNR,n78 - 3500 (TDD),64
2021-07-15 09:05:14.440,61.453075,23.844853,204.5,0,-114.7,8.6,-11.3,3,4,0.038,98.28,0.0,1,0.411,17.0,98.28,1,7.6,4,,LTE,LTE-5GNR,n78 - 3500 (TDD),64
2021-07-15 09:05:14.525,61.453075,23.844853,204.5,0,-114.7,8.6,-11.3,3,4,0.038,98.28,0.0,1,0.381,17.0,98.28,1,7.8,4,,LTE,LTE-5GNR,n78 - 3500 (TDD),64
2021-07-15 09:05:14.770,61.453075,23.844853,204.5,0,-114.7,8.6,-11.3,3,4,0.038,98.28,0.0,1,0.381,14.7,98.28,1,7.8,4,,LTE,LTE-5GNR,n78 - 3500 (TDD),64
2021-07-15 09:05:14.855,61.453075,23.844853,204.5,0,-114.7,8.6,-11.3,3,4,0.038,98.28,0.0,1,0.381,14.7,98.28,1,7.8,3,,LTE,LTE-5GNR,n78 - 3500 (TDD),64
2021-07-15 09:05:14.910,61.453075,23.844853,204.5,0,-114.7,8.6,-11.3,3,4,0.102,98.28,0.0,1,0.381,14.7,98.28,1,7.8,3,,LTE,LTE-5GNR,n78 - 3500 (TDD),64
2021-07-15 09:05:14.955,61.453075,23.844853,204.5,0,-114.5,7.8,-11.2,3,4,0.102,98.28,0.0,1,0.381,14.7,98.28,1,7.8,3,,LTE,LTE-5GNR,n78 - 3500 (TDD),64
2021-07-15 09:05:15.25,61.453075,23.844853,204.5,0,-114.5,7.8,-11.2,3,4,0.102,98.28,0.0,1,0.645,14.7,98.28,1,5.6,3,,LTE,LTE-5GNR,n78 - 3500 (TDD),64
2021-07-15 09:05:15.335,61.453075,23.844853,204.5,0,-114.5,7.8,-11.2,3,4,0.102,98.28,0.0,1,0.645,14.7,98.28,1,5.6,2,,LTE,LTE-5GNR,n78 - 3500 (TDD),64
2021-07-15 09:05:15.420,61.453075,23.844853,204.5,0,-114.5,7.8,-11.2,3,4,0.103,98.28,0.0,1,0.645,14.7,98.28,1,5.6,2,,LTE,LTE-5GNR,n78 - 3500 (TDD),64
2021-07-15 09:05:15.455,61.453075,23.844853,204.5,0,-115.0,7.9,-11.4,3,4,0.103,98.28,0.0,1,0.645,14.7,98.28,1,5.6,2,,LTE,LTE-5GNR,n78 - 3500 (TDD),64
2021-07-15 09:05:15.500,61.453075,23.844853,204.5,0,-115.0,7.9,-11.4,3,4,0.103,98.28,0.0,1,0.645,15.0,98.28,1,5.6,2,,LTE,LTE-5GNR,n78 - 3500 (TDD),64
2021-07-15 09:05:15.520,61.453075,23.844853,204.5,0,-115.0,7.9,-11.4,3,4,0.103,98.28,0.0,1,0.616,15.0,98.28,1,8.5,2,,LTE,LTE-5GNR,n78 - 3500 (TDD),64
2021-07-15 09:05:15.920,61.453075,23.844853,204.5,0,-115.0,7.9,-11.4,3,4,0.072,98.28,0.0,1,0.616,15.0,98.28,1,8.5,2,,LTE,LTE-5GNR,n78 - 3500 (TDD),64
2021-07-15 09:05:15.965,61.453075,23.844853,204.5,0,-116.0,6.6,-11.6,3,4,0.072,98.28,0.0,1,0.616,15.0,98.28,1,8.5,2,,LTE,LTE-5GNR,n78 - 3500 (TDD),64
2021-07-15 09:05:16.20,61.453075,23.844853,204.5,0,-116.0,6.6,-11.6,3,4,0.072,98.28,0.0,1,0.555,15.0,98.28,1,11.0,2,,LTE,LTE-5GNR,n78 - 3500 (TDD),64
2021-07-15 09:05:16.395,61.453075,23.844853,204.5,0,-116.0,6.6,-11.6,3,4,0.072,98.28,0.0,1,0.555,15.0,98.28,1,11.0,1,,LTE,LTE-5GNR,n78 - 3500 (TDD),64
2021-07-15 09:05:16.415,61.453075,23.844853,204.5,0,-116.0,6.6,-11.6,3,4,0.441,98.28,0.0,1,0.555,15.0,98.28,1,11.0,1,,LTE,LTE-5GNR,n78 - 3500 (TDD),64
2021-07-15 09:05:16.475,61.453075,23.844853,204.5,0,-115.6,7.4,-11.5,3,4,0.441,98.28,0.0,1,0.555,15.0,98.28,1,11.0,1,,LTE,LTE-5GNR,n78 - 3500 (TDD),64
2021-07-15 09:05:16.520,61.453075,23.844853,204.5,0,-115.6,7.4,-11.5,3,4,0.441,98.28,0.0,1,0.382,15.0,98.28,1,7.6,1,,LTE,LTE-5GNR,n78 - 3500 (TDD),64
2021-07-15 09:05:16.545,61.453075,23.844853,204.5,0,-115.6,7.4,-11.5,3,4,0.441,98.28,0.0,1,0.382,19.9,98.28,1,7.6,1,,LTE,LTE-5GNR,n78 - 3500 (TDD),64
2021-07-15 09:05:16.895,61.453075,23.844853,204.5,0,-115.6,7.4,-11.5,3,4,0.441,98.28,0.0,1,0.382,19.9,98.28,1,7.6,-2,,LTE,LTE-5GNR,n78 - 3500 (TDD),64
2021-07-15 09:05:16.920,61.453075,23.844853,204.5,0,-115.6,7.4,-11.5,3,4,0.714,98.28,0.0,1,0.382,19.9,98.28,1,7.6,-2,,LTE,LTE-5GNR,n78 - 3500 (TDD),64
2021-07-15 09:05:16.985,61.453075,23.844853,204.5,0,-115.1,7.0,-11.3,3,4,0.714,98.28,0.0,1,0.382,19.9,98.28,1,7.6,-2,,LTE,LTE-5GNR,n78 - 3500 (TDD),64
2021-07-15 09:05:17.20,61.453075,23.844853,204.5,0,-115.1,7.0,-11.3,3,4,0.714,98.28,0.0,1,0.347,19.9,98.28,1,3.0,-2,,LTE,LTE-5GNR,n78 - 3500 (TDD),64
2021-07-15 09:05:17.45,61.453075,23.844853,204.5,0,-115.1,7.0,-11.3,3,4,0.714,98.28,0.0,1,0.347,19.8,98.28,1,3.0,-2,,LTE,LTE-5GNR,n78 - 3500 (TDD),64
2021-07-15 09:05:17.395,61.453075,23.844853,204.5,0,-115.1,7.0,-11.3,3,4,0.714,98.28,0.0,1,0.347,19.8,98.28,1,3.0,-4,,LTE,LTE-5GNR,n78 - 3500 (TDD),64
2021-07-15 09:05:17.415,61.453075,23.844853,204.5,0,-115.1,7.0,-11.3,3,4,0.753,98.28,0.0,1,0.347,19.8,98.28,1,3.0,-4,,LTE,LTE-5GNR,n78 - 3500 (TDD),64
2021-07-15 09:05:17.495,61.453075,23.844853,204.5,0,-115.4,6.9,-11.4,3,4,0.753,98.28,0.0,1,0.347,19.8,98.28,1,3.0,-4,,LTE,LTE-5GNR,n78 - 3500 (TDD),64
2021-07-15 09:05:17.520,61.453075,23.844853,204.5,0,-115.4,6.9,-11.4,3,4,0.753,98.28,0.0,1,0.333,19.8,98.28,1,7.5,-4,,LTE,LTE-5GNR,n78 - 3500 (TDD),64
2021-07-15 09:05:17.540,61.453075,23.844853,204.5,0,-115.4,6.9,-11.4,3,4,0.753,98.28,0.0,1,0.333,19.9,98.28,1,7.5,-4,,LTE,LTE-5GNR,n78 - 3500 (TDD),64
2021-07-15 09:05:17.895,61.453075,23.844853,204.5,0,-115.4,6.9,-11.4,3,4,0.753,98.28,0.0,1,0.333,19.9,98.28,1,7.5,-3,,LTE,LTE-5GNR,n78 - 3500 (TDD),64
2021-07-15 09:05:17.915,61.453075,23.844853,204.5,0,-115.4,6.9,-11.4,3,4,0.854,98.28,0.0,1,0.333,19.9,98.28,1,7.5,-3,,LTE,LTE-5GNR,n78 - 3500 (TDD),64
2021-07-15 09:05:17.995,61.453075,23.844853,204.5,0,-115.9,5.5,-11.5,3,4,0.854,98.28,0.0,1,0.333,19.9,98.28,1,7.5,-3,,LTE,LTE-5GNR,n78 - 3500 (TDD),64
2021-07-15 09:05:18.20,61.453075,23.844853,204.5,0,-115.9,5.5,-11.5,3,4,0.854,98.28,0.0,1,0.344,19.9,98.28,1,5.0,-3,,LTE,LTE-5GNR,n78 - 3500 (TDD),64
2021-07-15 09:05:18.45,61.453075,23.844853,204.5,0,-115.9,5.5,-11.5,3,4,0.854,98.28,0.0,1,0.344,20.0,98.28,1,5.0,-3,,LTE,LTE-5GNR,n78 - 3500 (TDD),64
2021-07-15 09:05:18.355,61.453075,23.844853,204.5,0,-115.9,5.5,-11.5,3,4,0.709,98.28,0.0,1,0.344,20.0,98.28,1,5.0,-3,,LTE,LTE-5GNR,n78 - 3500 (TDD),64
2021-07-15 09:05:18.395,61.453075,23.844853,204.5,0,-115.9,5.5,-11.5,3,4,0.709,98.28,0.0,1,0.344,20.0,98.28,1,5.0,0,,LTE,LTE-5GNR,n78 - 3500 (TDD),64
2021-07-15 09:05:18.500,61.453075,23.844853,204.5,0,-115.9,5.5,-11.5,3,4,0.709,98.28,0.0,1,0.344,19.7,98.28,1,5.0,0,,LTE,LTE-5GNR,n78 - 3500 (TDD),64
2021-07-15 09:05:18.505,61.453075,23.844853,204.5,0,-117.3,5.2,-12.0,3,4,0.709,98.28,0.0,1,0.344,19.7,98.28,1,5.0,0,,LTE,LTE-5GNR,n78 - 3500 (TDD),64
2021-07-15 09:05:18.520,61.453075,23.844853,204.5,0,-117.3,5.2,-12.0,3,4,0.709,98.28,0.0,1,0.358,19.7,98.28,1,14.5,0,,LTE,LTE-5GNR,n78 - 3500 (TDD),64
2021-07-15 09:05:18.855,61.453075,23.844853,204.5,0,-117.3,5.2,-12.0,3,4,0.276,98.28,0.0,1,0.358,19.7,98.28,1,14.5,0,,LTE,LTE-5GNR,n78 - 3500 (TDD),64
2021-07-15 09:05:18.900,61.453075,23.844853,204.5,0,-117.3,5.2,-12.0,3,4,0.276,98.28,0.0,1,0.358,19.7,98.28,1,14.5,-1,,LTE,LTE-5GNR,n78 - 3500 (TDD),64
2021-07-15 09:05:19.5,61.453075,23.844853,204.5,0,-117.7,4.6,-12.1,3,4,0.276,98.28,0.0,1,0.358,19.7,98.28,1,14.5,-1,,LTE,LTE-5GNR,n78 - 3500 (TDD),64
2021-07-15 09:05:19.20,61.453075,23.844853,204.5,0,-117.7,4.6,-12.1,3,4,0.276,98.28,0.0,1,0.387,19.7,98.28,1,5.0,-1,,LTE,LTE-5GNR,n78 - 3500 (TDD),64
2021-07-15 09:05:19.345,61.453075,23.844853,204.5,0,-117.7,4.6,-12.1,3,4,0.747,98.28,0.0,1,0.387,19.7,98.28,1,5.0,-1,,LTE,LTE-5GNR,n78 - 3500 (TDD),64
2021-07-15 09:05:19.515,61.453075,23.844853,204.5,0,-117.8,4.5,-12.1,3,4,0.747,98.28,0.0,1,0.387,19.7,98.28,1,5.0,-1,,LTE,LTE-5GNR,n78 - 3500 (TDD),64
2021-07-15 09:05:19.520,61.453075,23.844853,204.5,0,-117.8,4.5,-12.1,3,4,0.747,98.28,0.0,1,0.364,19.7,98.28,1,12.0,-1,,LTE,LTE-5GNR,n78 - 3500 (TDD),64
2021-07-15 09:05:19.850,61.453075,23.844853,204.5,0,-117.8,4.5,-12.1,3,4,0.331,98.28,0.0,1,0.364,19.7,98.28,1,12.0,-1,,LTE,LTE-5GNR,n78 - 3500 (TDD),64
2021-07-15 09:05:19.995,61.453075,23.844853,204.5,0,-117.8,4.5,-12.1,3,4,0.331,98.28,0.0,1,0.364,19.6,98.28,1,12.0,-1,,LTE,LTE-5GNR,n78 - 3500 (TDD),64
2021-07-15 09:05:20.10,61.453075,23.844853,204.5,0,-119.4,3.5,-12.8,3,4,0.331,98.28,0.0,1,0.364,19.6,98.28,1,12.0,-1,,LTE,LTE-5GNR,n78 - 3500 (TDD),64
2021-07-15 09:05:20.20,61.453075,23.844853,204.5,0,-119.4,3.5,-12.8,3,4,0.331,98.28,0.0,1,0.375,19.6,98.28,1,9.0,-1,,LTE,LTE-5GNR,n78 - 3500 (TDD),64
2021-07-15 09:05:20.335,61.453075,23.844853,204.5,0,-119.4,3.5,-12.8,3,4,0.386,98.28,0.0,1,0.375,19.6,98.28,1,9.0,-1,,LTE,LTE-5GNR,n78 - 3500 (TDD),64
2021-07-15 09:05:20.520,61.453075,23.844853,204.5,0,-119.4,3.5,-12.8,3,4,0.386,98.28,0.0,1,0.403,19.6,98.28,1,6.0,-1,,LTE,LTE-5GNR,n78 - 3500 (TDD),64
2021-07-15 09:05:20.520,61.453075,23.844853,204.5,0,-116.9,5.7,-12.1,3,4,0.386,98.28,0.0,1,0.403,19.6,98.28,1,6.0,-1,,LTE,LTE-5GNR,n78 - 3500 (TDD),64
2021-07-15 09:05:20.835,61.453075,23.844853,204.5,0,-116.9,5.7,-12.1,3,4,0.376,98.28,0.0,1,0.403,19.6,98.28,1,6.0,-1,,LTE,LTE-5GNR,n78 - 3500 (TDD),64
2021-07-15 09:05:20.990,61.453075,23.844853,204.5,0,-116.9,5.7,-12.1,3,4,0.376,98.28,0.0,1,0.403,19.7,98.28,1,6.0,-1,,LTE,LTE-5GNR,n78 - 3500 (TDD),64
2021-07-15 09:05:21.20,61.453075,23.844853,204.5,0,-116.9,5.7,-12.1,3,4,0.376,98.28,0.0,1,0.41,19.7,98.28,1,2.5,-1,,LTE,LTE-5GNR,n78 - 3500 (TDD),64
2021-07-15 09:05:21.20,61.453075,23.844853,204.5,0,-112.5,11.5,-11.0,3,4,0.376,98.28,0.0,1,0.41,19.7,98.28,1,2.5,-1,,LTE,LTE-5GNR,n78 - 3500 (TDD),64
2021-07-15 09:05:21.320,61.453075,23.844853,204.5,0,-112.5,11.5,-11.0,3,4,0.541,98.28,0.0,1,0.41,19.7,98.28,1,2.5,-1,,LTE,LTE-5GNR,n78 - 3500 (TDD),64
2021-07-15 09:05:21.495,61.453075,23.844853,204.5,0,-112.5,11.5,-11.0,3,4,0.541,98.28,0.0,1,0.41,19.8,98.28,1,2.5,-1,,LTE,LTE-5GNR,n78 - 3500 (TDD),64
2021-07-15 09:05:21.520,61.453075,23.844853,204.5,0,-112.5,11.5,-11.0,3,4,0.541,98.28,0.0,1,0.438,19.8,98.28,1,6.5,-1,,LTE,LTE-5GNR,n78 - 3500 (TDD),64
2021-07-15 09:05:21.520,61.453075,23.844853,204.5,0,-109.8,12.2,-10.7,3,4,0.541,98.28,0.0,1,0.438,19.8,98.28,1,6.5,-1,,LTE,LTE-5GNR,n78 - 3500 (TDD),64
2021-07-15 09:05:21.820,61.453075,23.844853,204.5,0,-109.8,12.2,-10.7,3,4,0.544,98.28,0.0,1,0.438,19.8,98.28,1,6.5,-1,,LTE,LTE-5GNR,n78 - 3500 (TDD),64
2021-07-15 09:05:21.995,61.453075,23.844853,204.5,0,-109.8,12.2,-10.7,3,4,0.544,98.28,0.0,1,0.438,19.9,98.28,1,6.5,-1,,LTE,LTE-5GNR,n78 - 3500 (TDD),64
2021-07-15 09:05:22.20,61.453075,23.844853,204.5,0,-109.8,12.2,-10.7,3,4,0.544,98.28,0.0,1,0.369,19.9,98.28,1,12.0,-1,,LTE,LTE-5GNR,n78 - 3500 (TDD),64
2021-07-15 09:05:22.20,61.453075,23.844853,204.5,0,-110.5,10.7,-10.9,3,4,0.544,98.28,0.0,1,0.369,19.9,98.28,1,12.0,-1,,LTE,LTE-5GNR,n78 - 3500 (TDD),64
2021-07-15 09:05:22.320,61.453075,23.844853,204.5,0,-110.5,10.7,-10.9,3,4,0.759,98.28,0.0,1,0.369,19.9,98.28,1,12.0,-1,,LTE,LTE-5GNR,n78 - 3500 (TDD),64
2021-07-15 09:05:22.405,61.453075,23.844853,204.5,0,-110.5,10.7,-10.9,3,4,0.759,98.28,0.0,1,0.369,19.9,98.28,1,12.0,0,,LTE,LTE-5GNR,n78 - 3500 (TDD),64
2021-07-15 09:05:22.520,61.453075,23.844853,204.5,0,-110.5,10.7,-10.9,3,4,0.759,98.28,0.0,1,0.366,19.9,98.28,1,9.5,0,,LTE,LTE-5GNR,n78 - 3500 (TDD),64
2021-07-15 09:05:22.525,61.453075,23.844853,204.5,0,-109.0,12.0,-10.7,3,4,0.759,98.28,0.0,1,0.366,19.9,98.28,1,9.5,0,,LTE,LTE-5GNR,n78 - 3500 (TDD),64
2021-07-15 09:05:22.820,61.453075,23.844853,204.5,0,-109.0,12.0,-10.7,3,4,0.767,98.28,0.0,1,0.366,19.9,98.28,1,9.5,0,,LTE,LTE-5GNR,n78 - 3500 (TDD),64
2021-07-15 09:05:22.985,61.453075,23.844853,204.5,0,-109.0,12.0,-10.7,3,4,0.767,98.28,0.0,1,0.366,20.0,98.28,1,9.5,0,,LTE,LTE-5GNR,n78 - 3500 (TDD),64
2021-07-15 09:05:23.15,61.453075,23.844853,204.5,0,-109.0,12.0,-10.7,3,4,0.767,98.28,0.0,1,0.366,20.0,98.28,1,3.5,0,,LTE,LTE-5GNR,n78 - 3500 (TDD),64
2021-07-15 09:05:23.25,61.453075,23.844853,204.5,0,-107.3,12.8,-10.6,3,4,0.767,98.28,0.0,1,0.366,20.0,98.28,1,3.5,0,,LTE,LTE-5GNR,n78 - 3500 (TDD),64
2021-07-15 09:05:23.320,61.453075,23.844853,204.5,0,-107.3,12.8,-10.6,3,4,0.941,98.28,0.0,1,0.366,20.0,98.28,1,3.5,0,,LTE,LTE-5GNR,n78 - 3500 (TDD),64
2021-07-15 09:05:23.520,61.453075,23.844853,204.5,0,-107.3,12.8,-10.6,3,4,0.941,98.28,0.0,1,0.386,20.0,98.28,1,8.5,0,,LTE,LTE-5GNR,n78 - 3500 (TDD),64
2021-07-15 09:05:23.520,61.453075,23.844853,204.5,0,-106.1,16.2,-10.5,3,4,0.941,98.28,0.0,1,0.386,20.0,98.28,1,8.5,0,,LTE,LTE-5GNR,n78 - 3500 (TDD),64
2021-07-15 09:05:23.825,61.453075,23.844853,204.5,0,-106.1,16.2,-10.5,3,4,0.916,98.28,0.0,1,0.386,20.0,98.28,1,8.5,0,,LTE,LTE-5GNR,n78 - 3500 (TDD),64
2021-07-15 09:05:24.20,61.453075,23.844853,204.5,0,-106.1,16.2,-10.5,3,4,0.916,98.28,0.0,1,0.495,20.0,98.28,1,5.0,0,,LTE,LTE-5GNR,n78 - 3500 (TDD),64
2021-07-15 09:05:24.25,61.453075,23.844853,204.5,0,-106.9,15.0,-10.6,3,4,0.916,98.28,0.0,1,0.495,20.0,98.28,1,5.0,0,,LTE,LTE-5GNR,n78 - 3500 (TDD),64
2021-07-15 09:05:24.325,61.453075,23.844853,204.5,0,-106.9,15.0,-10.6,3,4,0.849,98.28,0.0,1,0.495,20.0,98.28,1,5.0,0,,LTE,LTE-5GNR,n78 - 3500 (TDD),64
2021-07-15 09:05:24.520,61.453075,23.844853,204.5,0,-106.9,15.0,-10.6,3,4,0.849,98.28,0.0,1,0.545,20.0,98.28,1,10.0,0,,LTE,LTE-5GNR,n78 - 3500 (TDD),64
2021-07-15 09:05:24.525,61.453075,23.844853,204.5,0,-109.7,11.1,-10.8,3,4,0.849,98.28,0.0,1,0.545,20.0,98.28,1,10.0,0,,LTE,LTE-5GNR,n78 - 3500 (TDD),64
2021-07-15 09:05:24.825,61.453075,23.844853,204.5,0,-109.7,11.1,-10.8,3,4,0.72,98.28,0.0,1,0.545,20.0,98.28,1,10.0,0,,LTE,LTE-5GNR,n78 - 3500 (TDD),64
2021-07-15 09:05:25.20,61.453075,23.844853,204.5,0,-109.7,11.1,-10.8,3,4,0.72,98.28,0.0,1,0.541,20.0,98.28,1,10.5,0,,LTE,LTE-5GNR,n78 - 3500 (TDD),64
2021-07-15 09:05:25.25,61.453075,23.844853,204.5,0,-109.7,10.8,-10.9,3,4,0.72,98.28,0.0,1,0.541,20.0,98.28,1,10.5,0,,LTE,LTE-5GNR,n78 - 3500 (TDD),64
2021-07-15 09:05:25.325,61.453075,23.844853,204.5,0,-109.7,10.8,-10.9,3,4,0.697,98.28,0.0,1,0.541,20.0,98.28,1,10.5,0,,LTE,LTE-5GNR,n78 - 3500 (TDD),64
2021-07-15 09:05:25.520,61.453075,23.844853,204.5,0,-109.7,10.8,-10.9,3,4,0.697,98.28,0.0,1,0.58,20.0,98.28,1,9.0,0,,LTE,LTE-5GNR,n78 - 3500 (TDD),64
2021-07-15 09:05:25.525,61.453075,23.844853,204.5,0,-110.0,10.4,-10.8,3,4,0.697,98.28,0.0,1,0.58,20.0,98.28,1,9.0,0,,LTE,LTE-5GNR,n78 - 3500 (TDD),64
2021-07-15 09:05:25.830,61.453075,23.844853,204.5,0,-110.0,10.4,-10.8,3,4,0.705,98.28,0.0,1,0.58,20.0,98.28,1,9.0,0,,LTE,LTE-5GNR,n78 - 3500 (TDD),64
2021-07-15 09:05:26.20,61.453075,23.844853,204.5,0,-110.0,10.4,-10.8,3,4,0.705,98.28,0.0,1,0.578,20.0,98.28,1,9.0,0,,LTE,LTE-5GNR,n78 - 3500 (TDD),64
2021-07-15 09:05:26.25,61.453075,23.844853,204.5,0,-108.6,12.5,-10.7,3,4,0.705,98.28,0.0,1,0.578,20.0,98.28,1,9.0,0,,LTE,LTE-5GNR,n78 - 3500 (TDD),64
2021-07-15 09:05:26.330,61.453075,23.844853,204.5,0,-108.6,12.5,-10.7,3,4,0.698,98.28,0.0,1,0.578,20.0,98.28,1,9.0,0,,LTE,LTE-5GNR,n78 - 3500 (TDD),64
2021-07-15 09:05:26.520,61.453075,23.844853,204.5,0,-108.6,12.5,-10.7,3,4,0.698,98.28,0.0,1,0.572,20.0,98.28,1,10.0,0,,LTE,LTE-5GNR,n78 - 3500 (TDD),64
2021-07-15 09:05:26.525,61.453075,23.844853,204.5,0,-107.3,13.3,-10.5,3,4,0.698,98.28,0.0,1,0.572,20.0,98.28,1,10.0,0,,LTE,LTE-5GNR,n78 - 3500 (TDD),64
2021-07-15 09:05:26.830,61.453075,23.844853,204.5,0,-107.3,13.3,-10.5,3,4,0.744,98.28,0.0,1,0.572,20.0,98.28,1,10.0,0,,LTE,LTE-5GNR,n78 - 3500 (TDD),64
2021-07-15 09:05:26.905,61.453075,23.844853,204.5,0,-107.3,13.3,-10.5,3,4,0.744,98.28,0.0,1,0.572,20.0,98.28,1,10.0,1,,LTE,LTE-5GNR,n78 - 3500 (TDD),64
2021-07-15 09:05:27.20,61.453075,23.844853,204.5,0,-107.3,13.3,-10.5,3,4,0.744,98.28,0.0,1,0.476,20.0,98.28,1,17.0,1,,LTE,LTE-5GNR,n78 - 3500 (TDD),64
2021-07-15 09:05:27.25,61.453075,23.844853,204.5,0,-107.9,12.2,-10.6,3,4,0.744,98.28,0.0,1,0.476,20.0,98.28,1,17.0,1,,LTE,LTE-5GNR,n78 - 3500 (TDD),64
2021-07-15 09:05:27.330,61.453075,23.844853,204.5,0,-107.9,12.2,-10.6,3,4,0.788,98.28,0.0,1,0.476,20.0,98.28,1,17.0,1,,LTE,LTE-5GNR,n78 - 3500 (TDD),64
2021-07-15 09:05:27.405,61.453075,23.844853,204.5,0,-107.9,12.2,-10.6,3,4,0.788,98.28,0.0,1,0.476,20.0,98.28,1,17.0,5,,LTE,LTE-5GNR,n78 - 3500 (TDD),64
2021-07-15 09:05:27.520,61.453075,23.844853,204.5,0,-107.9,12.2,-10.6,3,4,0.788,98.28,0.0,1,0.421,20.0,98.28,1,10.0,5,,LTE,LTE-5GNR,n78 - 3500 (TDD),64
2021-07-15 09:05:27.525,61.453075,23.844853,204.5,0,-107.8,12.9,-10.6,3,4,0.788,98.28,0.0,1,0.421,20.0,98.28,1,10.0,5,,LTE,LTE-5GNR,n78 - 3500 (TDD),64
2021-07-15 09:05:27.830,61.453075,23.844853,204.5,0,-107.8,12.9,-10.6,3,4,0.671,98.28,0.0,1,0.421,20.0,98.28,1,10.0,5,,LTE,LTE-5GNR,n78 - 3500 (TDD),64
2021-07-15 09:05:28.20,61.453075,23.844853,204.5,0,-107.8,12.9,-10.6,3,4,0.671,98.28,0.0,1,0.426,20.0,98.28,1,12.0,5,,LTE,LTE-5GNR,n78 - 3500 (TDD),64
2021-07-15 09:05:28.25,61.453075,23.844853,204.5,0,-107.6,12.6,-10.6,3,4,0.671,98.28,0.0,1,0.426,20.0,98.28,1,12.0,5,,LTE,LTE-5GNR,n78 - 3500 (TDD),64
2021-07-15 09:05:28.330,61.453075,23.844853,204.5,0,-107.6,12.6,-10.6,3,4,0.618,98.28,0.0,1,0.426,20.0,98.28,1,12.0,5,,LTE,LTE-5GNR,n78 - 3500 (TDD),64
2021-07-15 09:05:28.520,61.453075,23.844853,204.5,0,-107.6,12.6,-10.6,3,4,0.618,98.28,0.0,1,0.366,20.0,98.28,1,12.0,5,,LTE,LTE-5GNR,n78 - 3500 (TDD),64
2021-07-15 09:05:28.525,61.453075,23.844853,204.5,0,-107.8,12.7,-10.6,3,4,0.618,98.28,0.0,1,0.366,20.0,98.28,1,12.0,5,,LTE,LTE-5GNR,n78 - 3500 (TDD),64
2021-07-15 09:05:28.830,61.453075,23.844853,204.5,0,-107.8,12.7,-10.6,3,4,0.703,98.28,0.0,1,0.366,20.0,98.28,1,12.0,5,,LTE,LTE-5GNR,n78 - 3500 (TDD),64
2021-07-15 09:05:29.20,61.453075,23.844853,204.5,0,-107.8,12.7,-10.6,3,4,0.703,98.28,0.0,1,0.36,20.0,98.28,1,7.0,5,,LTE,LTE-5GNR,n78 - 3500 (TDD),64
2021-07-15 09:05:29.30,61.453075,23.844853,204.5,0,-107.3,13.4,-10.6,3,4,0.703,98.28,0.0,1,0.36,20.0,98.28,1,7.0,5,,LTE,LTE-5GNR,n78 - 3500 (TDD),64
2021-07-15 09:05:29.330,61.453075,23.844853,204.5,0,-107.3,13.4,-10.6,3,4,0.694,98.28,0.0,1,0.36,20.0,98.28,1,7.0,5,,LTE,LTE-5GNR,n78 - 3500 (TDD),64
2021-07-15 09:05:29.415,61.453075,23.844853,204.5,0,-107.3,13.4,-10.6,3,4,0.694,98.28,0.0,1,0.36,20.0,98.28,1,7.0,7,,LTE,LTE-5GNR,n78 - 3500 (TDD),64
2021-07-15 09:05:29.520,61.453075,23.844853,204.5,0,-107.3,13.4,-10.6,3,4,0.694,98.28,0.0,1,0.375,20.0,98.28,1,10.5,7,,LTE,LTE-5GNR,n78 - 3500 (TDD),64
2021-07-15 09:05:29.545,61.453075,23.844853,204.5,0,-107.0,13.8,-10.6,3,4,0.694,98.28,0.0,1,0.375,20.0,98.28,1,10.5,7,,LTE,LTE-5GNR,n78 - 3500 (TDD),64
2021-07-15 09:05:29.830,61.453075,23.844853,204.5,0,-107.0,13.8,-10.6,3,4,0.7,98.28,0.0,1,0.375,20.0,98.28,1,10.5,7,,LTE,LTE-5GNR,n78 - 3500 (TDD),64
2021-07-15 09:05:30.20,61.453075,23.844853,204.5,0,-107.0,13.8,-10.6,3,4,0.7,98.28,0.0,1,0.401,20.0,98.28,1,4.0,7,,LTE,LTE-5GNR,n78 - 3500 (TDD),64
2021-07-15 09:05:30.45,61.453075,23.844853,204.5,0,-107.9,12.0,-10.6,3,4,0.7,98.28,0.0,1,0.401,20.0,98.28,1,4.0,7,,LTE,LTE-5GNR,n78 - 3500 (TDD),64
2021-07-15 09:05:30.330,61.453075,23.844853,204.5,0,-107.9,12.0,-10.6,3,4,0.812,98.28,0.0,1,0.401,20.0,98.28,1,4.0,7,,LTE,LTE-5GNR,n78 - 3500 (TDD),64
2021-07-15 09:05:30.520,61.453075,23.844853,204.5,0,-107.9,12.0,-10.6,3,4,0.812,98.28,0.0,1,0.452,20.0,98.28,1,6.5,7,,LTE,LTE-5GNR,n78 - 3500 (TDD),64
2021-07-15 09:05:30.540,61.453075,23.844853,204.5,0,-109.2,11.0,-10.9,3,4,0.812,98.28,0.0,1,0.452,20.0,98.28,1,6.5,7,,LTE,LTE-5GNR,n78 - 3500 (TDD),64
2021-07-15 09:05:30.830,61.453075,23.844853,204.5,0,-109.2,11.0,-10.9,3,4,0.698,98.28,0.0,1,0.452,20.0,98.28,1,6.5,7,,LTE,LTE-5GNR,n78 - 3500 (TDD),64
2021-07-15 09:05:31.20,61.453075,23.844853,204.5,0,-109.2,11.0,-10.9,3,4,0.698,98.28,0.0,1,0.471,20.0,98.28,1,10.5,7,,LTE,LTE-5GNR,n78 - 3500 (TDD),64
2021-07-15 09:05:31.45,61.453075,23.844853,204.5,0,-109.8,11.0,-10.9,3,4,0.698,98.28,0.0,1,0.471,20.0,98.28,1,10.5,7,,LTE,LTE-5GNR,n78 - 3500 (TDD),64
2021-07-15 09:05:31.330,61.453075,23.844853,204.5,0,-109.8,11.0,-10.9,3,4,0.761,98.28,0.0,1,0.471,20.0,98.28,1,10.5,7,,LTE,LTE-5GNR,n78 - 3500 (TDD),64
2021-07-15 09:05:31.520,61.453075,23.844853,204.5,0,-109.8,11.0,-10.9,3,4,0.761,98.28,0.0,1,0.486,20.0,98.28,1,8.5,7,,LTE,LTE-5GNR,n78 - 3500 (TDD),64
2021-07-15 09:05:31.545,61.453075,23.844853,204.5,0,-109.3,11.4,-10.8,3,4,0.761,98.28,0.0,1,0.486,20.0,98.28,1,8.5,7,,LTE,LTE-5GNR,n78 - 3500 (TDD),64
2021-07-15 09:05:31.830,61.453075,23.844853,204.5,0,-109.3,11.4,-10.8,3,4,0.739,98.28,0.0,1,0.486,20.0,98.28,1,8.5,7,,LTE,LTE-5GNR,n78 - 3500 (TDD),64
2021-07-15 09:05:32.20,61.453075,23.844853,204.5,0,-109.3,11.4,-10.8,3,4,0.739,98.28,0.0,1,0.484,20.0,98.28,1,10.0,7,,LTE,LTE-5GNR,n78 - 3500 (TDD),64
2021-07-15 09:05:32.50,61.453075,23.844853,204.5,0,-110.6,10.0,-10.9,3,4,0.739,98.28,0.0,1,0.484,20.0,98.28,1,10.0,7,,LTE,LTE-5GNR,n78 - 3500 (TDD),64
2021-07-15 09:05:32.330,61.453075,23.844853,204.5,0,-110.6,10.0,-10.9,3,4,0.743,98.28,0.0,1,0.484,20.0,98.28,1,10.0,7,,LTE,LTE-5GNR,n78 - 3500 (TDD),64
2021-07-15 09:05:32.520,61.453075,23.844853,204.5,0,-110.6,10.0,-10.9,3,4,0.743,98.28,0.0,1,0.587,20.0,98.28,1,2.0,7,,LTE,LTE-5GNR,n78 - 3500 (TDD),64
2021-07-15 09:05:32.550,61.453075,23.844853,204.5,0,-115.0,7.2,-11.8,3,4,0.743,98.28,0.0,1,0.587,20.0,98.28,1,2.0,7,,LTE,LTE-5GNR,n78 - 3500 (TDD),64
2021-07-15 09:05:32.830,61.453075,23.844853,204.5,0,-115.0,7.2,-11.8,3,4,0.863,98.28,0.0,1,0.587,20.0,98.28,1,2.0,7,,LTE,LTE-5GNR,n78 - 3500 (TDD),64
2021-07-15 09:05:33.20,61.453075,23.844853,204.5,0,-115.0,7.2,-11.8,3,4,0.863,98.28,0.0,1,0.681,20.0,98.28,1,5.0,7,,LTE,LTE-5GNR,n78 - 3500 (TDD),64
2021-07-15 09:05:33.65,61.453075,23.844853,204.5,0,-111.3,10.6,-11.0,3,4,0.863,98.28,0.0,1,0.681,20.0,98.28,1,5.0,7,,LTE,LTE-5GNR,n78 - 3500 (TDD),64
2021-07-15 09:05:33.330,61.453075,23.844853,204.5,0,-111.3,10.6,-11.0,3,4,0.925,98.28,0.0,1,0.681,20.0,98.28,1,5.0,7,,LTE,LTE-5GNR,n78 - 3500 (TDD),64
2021-07-15 09:05:33.520,61.453075,23.844853,204.5,0,-111.3,10.6,-11.0,3,4,0.925,98.28,0.0,1,0.647,20.0,98.28,1,13.0,7,,LTE,LTE-5GNR,n78 - 3500 (TDD),64
2021-07-15 09:05:33.560,61.453075,23.844853,204.5,0,-111.4,10.2,-10.9,3,4,0.925,98.28,0.0,1,0.647,20.0,98.28,1,13.0,7,,LTE,LTE-5GNR,n78 - 3500 (TDD),64
2021-07-15 09:05:33.840,61.453075,23.844853,204.5,0,-111.4,10.2,-10.9,3,4,0.822,98.28,0.0,1,0.647,20.0,98.28,1,13.0,7,,LTE,LTE-5GNR,n78 - 3500 (TDD),64
2021-07-15 09:05:34.20,61.453075,23.844853,204.5,0,-111.4,10.2,-10.9,3,4,0.822,98.28,0.0,1,0.618,20.0,98.28,1,11.5,7,,LTE,LTE-5GNR,n78 - 3500 (TDD),64
2021-07-15 09:05:34.60,61.453075,23.844853,204.5,0,-112.7,8.8,-11.0,3,4,0.822,98.28,0.0,1,0.618,20.0,98.28,1,11.5,7,,LTE,LTE-5GNR,n78 - 3500 (TDD),64
2021-07-15 09:05:34.340,61.453075,23.844853,204.5,0,-112.7,8.8,-11.0,3,4,0.92,98.28,0.0,1,0.618,20.0,98.28,1,11.5,7,,LTE,LTE-5GNR,n78 - 3500 (TDD),64
2021-07-15 09:05:34.520,61.453075,23.844853,204.5,0,-112.7,8.8,-11.0,3,4,0.92,98.28,0.0,1,0.624,20.0,98.28,1,9.5,7,,LTE,LTE-5GNR,n78 - 3500 (TDD),64
2021-07-15 09:05:34.560,61.453075,23.844853,204.5,0,-111.8,10.6,-10.9,3,4,0.92,98.28,0.0,1,0.624,20.0,98.28,1,9.5,7,,LTE,LTE-5GNR,n78 - 3500 (TDD),64
2021-07-15 09:05:34.840,61.453075,23.844853,204.5,0,-111.8,10.6,-10.9,3,4,0.933,98.28,0.0,1,0.624,20.0,98.28,1,9.5,7,,LTE,LTE-5GNR,n78 - 3500 (TDD),64
2021-07-15 09:05:34.925,61.453075,23.844853,204.5,0,-111.8,10.6,-10.9,3,4,0.933,98.28,0.0,1,0.624,20.0,98.28,1,9.5,5,,LTE,LTE-5GNR,n78 - 3500 (TDD),64
2021-07-15 09:05:35.20,61.453075,23.844853,204.5,0,-111.8,10.6,-10.9,3,4,0.933,98.28,0.0,1,0.508,20.0,98.28,1,17.5,5,,LTE,LTE-5GNR,n78 - 3500 (TDD),64
2021-07-15 09:05:35.60,61.453075,23.844853,204.5,0,-110.5,11.4,-10.9,3,4,0.933,98.28,0.0,1,0.508,20.0,98.28,1,17.5,5,,LTE,LTE-5GNR,n78 - 3500 (TDD),64
2021-07-15 09:05:35.340,61.453075,23.844853,204.5,0,-110.5,11.4,-10.9,3,4,0.943,98.28,0.0,1,0.508,20.0,98.28,1,17.5,5,,LTE,LTE-5GNR,n78 - 3500 (TDD),64
2021-07-15 09:05:35.425,61.453075,23.844853,204.5,0,-110.5,11.4,-10.9,3,4,0.943,98.28,0.0,1,0.508,20.0,98.28,1,17.5,6,,LTE,LTE-5GNR,n78 - 3500 (TDD),64
2021-07-15 09:05:35.520,61.453075,23.844853,204.5,0,-110.5,11.4,-10.9,3,4,0.943,98.28,0.0,1,0.471,20.0,98.28,1,8.0,6,,LTE,LTE-5GNR,n78 - 3500 (TDD),64
2021-07-15 09:05:35.565,61.453075,23.844853,204.5,0,-110.1,11.8,-10.8,3,4,0.943,98.28,0.0,1,0.471,20.0,98.28,1,8.0,6,,LTE,LTE-5GNR,n78 - 3500 (TDD),64
2021-07-15 09:05:35.840,61.453075,23.844853,204.5,0,-110.1,11.8,-10.8,3,4,0.835,98.28,0.0,1,0.471,20.0,98.28,1,8.0,6,,LTE,LTE-5GNR,n78 - 3500 (TDD),64
2021-07-15 09:05:36.20,61.453075,23.844853,204.5,0,-110.1,11.8,-10.8,3,4,0.835,98.28,0.0,1,0.49,20.0,98.28,1,12.0,6,,LTE,LTE-5GNR,n78 - 3500 (TDD),64
2021-07-15 09:05:36.60,61.453075,23.844853,204.5,0,-111.5,9.7,-10.9,3,4,0.835,98.28,0.0,1,0.49,20.0,98.28,1,12.0,6,,LTE,LTE-5GNR,n78 - 3500 (TDD),64
2021-07-15 09:05:36.340,61.453075,23.844853,204.5,0,-111.5,9.7,-10.9,3,4,0.883,98.28,0.0,1,0.49,20.0,98.28,1,12.0,6,,LTE,LTE-5GNR,n78 - 3500 (TDD),64
2021-07-15 09:05:36.520,61.453075,23.844853,204.5,0,-111.5,9.7,-10.9,3,4,0.883,98.28,0.0,1,0.487,20.0,98.28,1,9.0,6,,LTE,LTE-5GNR,n78 - 3500 (TDD),64
2021-07-15 09:05:36.565,61.453075,23.844853,204.5,0,-111.6,9.9,-10.9,3,4,0.883,98.28,0.0,1,0.487,20.0,98.28,1,9.0,6,,LTE,LTE-5GNR,n78 - 3500 (TDD),64
2021-07-15 09:05:36.840,61.453075,23.844853,204.5,0,-111.6,9.9,-10.9,3,4,0.767,98.28,0.0,1,0.487,20.0,98.28,1,9.0,6,,LTE,LTE-5GNR,n78 - 3500 (TDD),64
2021-07-15 09:05:37.20,61.453075,23.844853,204.5,0,-111.6,9.9,-10.9,3,4,0.767,98.28,0.0,1,0.445,20.0,98.28,1,10.0,6,,LTE,LTE-5GNR,n78 - 3500 (TDD),64
2021-07-15 09:05:37.65,61.453075,23.844853,204.5,0,-111.9,11.3,-10.9,3,4,0.767,98.28,0.0,1,0.445,20.0,98.28,1,10.0,6,,LTE,LTE-5GNR,n78 - 3500 (TDD),64
2021-07-15 09:05:37.345,61.453075,23.844853,204.5,0,-111.9,11.3,-10.9,3,4,0.895,98.28,0.0,1,0.445,20.0,98.28,1,10.0,6,,LTE,LTE-5GNR,n78 - 3500 (TDD),64
2021-07-15 09:05:37.520,61.453075,23.844853,204.5,0,-111.9,11.3,-10.9,3,4,0.895,98.28,0.0,1,0.371,20.0,98.28,1,12.5,6,,LTE,LTE-5GNR,n78 - 3500 (TDD),64
2021-07-15 09:05:37.565,61.453075,23.844853,204.5,0,-112.4,10.3,-10.9,3,4,0.895,98.28,0.0,1,0.371,20.0,98.28,1,12.5,6,,LTE,LTE-5GNR,n78 - 3500 (TDD),64
2021-07-15 09:05:37.845,61.453075,23.844853,204.5,0,-112.4,10.3,-10.9,3,4,0.876,98.28,0.0,1,0.371,20.0,98.28,1,12.5,6,,LTE,LTE-5GNR,n78 - 3500 (TDD),64
2021-07-15 09:05:38.20,61.453075,23.844853,204.5,0,-112.4,10.3,-10.9,3,4,0.876,98.28,0.0,1,0.365,20.0,98.28,1,13.5,6,,LTE,LTE-5GNR,n78 - 3500 (TDD),64
2021-07-15 09:05:38.65,61.453075,23.844853,204.5,0,-111.5,10.6,-10.9,3,4,0.876,98.28,0.0,1,0.365,20.0,98.28,1,13.5,6,,LTE,LTE-5GNR,n78 - 3500 (TDD),64
2021-07-15 09:05:38.345,61.453075,23.844853,204.5,0,-111.5,10.6,-10.9,3,4,0.781,98.28,0.0,1,0.365,20.0,98.28,1,13.5,6,,LTE,LTE-5GNR,n78 - 3500 (TDD),64
2021-07-15 09:05:38.520,61.453075,23.844853,204.5,0,-111.5,10.6,-10.9,3,4,0.781,98.28,0.0,1,0.373,20.0,98.28,1,8.0,6,,LTE,LTE-5GNR,n78 - 3500 (TDD),64
2021-07-15 09:05:38.565,61.453075,23.844853,204.5,0,-111.0,11.0,-10.8,3,4,0.781,98.28,0.0,1,0.373,20.0,98.28,1,8.0,6,,LTE,LTE-5GNR,n78 - 3500 (TDD),64
2021-07-15 09:05:38.845,61.453075,23.844853,204.5,0,-111.0,11.0,-10.8,3,4,0.844,98.28,0.0,1,0.373,20.0,98.28,1,8.0,6,,LTE,LTE-5GNR,n78 - 3500 (TDD),64
2021-07-15 09:05:39.20,61.453075,23.844853,204.5,0,-111.0,11.0,-10.8,3,4,0.844,98.28,0.0,1,0.36,20.0,98.28,1,11.5,6,,LTE,LTE-5GNR,n78 - 3500 (TDD),64
2021-07-15 09:05:39.65,61.453075,23.844853,204.5,0,-110.9,12.4,-10.9,3,4,0.844,98.28,0.0,1,0.36,20.0,98.28,1,11.5,6,,LTE,LTE-5GNR,n78 - 3500 (TDD),64
2021-07-15 09:05:39.345,61.453075,23.844853,204.5,0,-110.9,12.4,-10.9,3,4,0.786,98.28,0.0,1,0.36,20.0,98.28,1,11.5,6,,LTE,LTE-5GNR,n78 - 3500 (TDD),64
2021-07-15 09:05:39.520,61.453075,23.844853,204.5,0,-110.9,12.4,-10.9,3,4,0.786,98.28,0.0,1,0.361,20.0,98.28,1,10.5,6,,LTE,LTE-5GNR,n78 - 3500 (TDD),64
2021-07-15 09:05:39.565,61.453075,23.844853,204.5,0,-110.0,11.3,-10.9,3,4,0.786,98.28,0.0,1,0.361,20.0,98.28,1,10.5,6,,LTE,LTE-5GNR,n78 - 3500 (TDD),64
2021-07-15 09:05:39.845,61.453075,23.844853,204.5,0,-110.0,11.3,-10.9,3,4,1.083,98.28,0.0,1,0.361,20.0,98.28,1,10.5,6,,LTE,LTE-5GNR,n78 - 3500 (TDD),64
2021-07-15 09:05:40.20,61.453075,23.844853,204.5,0,-110.0,11.3,-10.9,3,4,1.083,98.28,0.0,1,0.371,20.0,98.28,1,8.5,6,,LTE,LTE-5GNR,n78 - 3500 (TDD),64
2021-07-15 09:05:40.65,61.453075,23.844853,204.5,0,-110.3,10.0,-11.0,3,4,1.083,98.28,0.0,1,0.371,20.0,98.28,1,8.5,6,,LTE,LTE-5GNR,n78 - 3500 (TDD),64
2021-07-15 09:05:40.345,61.453075,23.844853,204.5,0,-110.3,10.0,-11.0,3,4,0.912,98.28,0.0,1,0.371,20.0,98.28,1,8.5,6,,LTE,LTE-5GNR,n78 - 3500 (TDD),64
2021-07-15 09:05:40.520,61.453075,23.844853,204.5,0,-110.3,10.0,-11.0,3,4,0.912,98.28,0.0,1,0.247,20.0,98.28,1,26.0,6,,LTE,LTE-5GNR,n78 - 3500 (TDD),64
2021-07-15 09:05:40.565,61.453075,23.844853,204.5,0,-112.6,7.5,-11.2,3,4,0.912,98.28,0.0,1,0.247,20.0,98.28,1,26.0,6,,LTE,LTE-5GNR,n78 - 3500 (TDD),64
2021-07-15 09:05:40.845,61.453075,23.844853,204.5,0,-112.6,7.5,-11.2,3,4,0.884,98.28,0.0,1,0.247,20.0,98.28,1,26.0,6,,LTE,LTE-5GNR,n78 - 3500 (TDD),64
2021-07-15 09:05:41.20,61.453075,23.844853,204.5,0,-112.6,7.5,-11.2,3,4,0.884,98.28,0.0,1,0.317,20.0,98.28,1,2.5,6,,LTE,LTE-5GNR,n78 - 3500 (TDD),64
2021-07-15 09:05:41.65,61.453075,23.844853,204.5,0,-111.1,9.3,-11.0,3,4,0.884,98.28,0.0,1,0.317,20.0,98.28,1,2.5,6,,LTE,LTE-5GNR,n78 - 3500 (TDD),64
2021-07-15 09:05:41.180,61.453075,23.844853,204.5,0,-111.1,9.3,-11.0,3,4,0.884,98.28,0.0,1,0.317,20.0,98.28,1,2.5,5,,LTE,LTE-5GNR,n78 - 3500 (TDD),64
2021-07-15 09:05:41.345,61.453075,23.844853,204.5,0,-111.1,9.3,-11.0,3,4,0.638,98.28,0.0,1,0.317,20.0,98.28,1,2.5,5,,LTE,LTE-5GNR,n78 - 3500 (TDD),64
2021-07-15 09:05:41.520,61.453075,23.844853,204.5,0,-111.1,9.3,-11.0,3,4,0.638,98.28,0.0,1,0.372,20.0,98.28,1,0.0,5,,LTE,LTE-5GNR,n78 - 3500 (TDD),64
2021-07-15 09:05:41.565,61.453075,23.844853,204.5,0,-110.9,9.5,-10.9,3,4,0.638,98.28,0.0,1,0.372,20.0,98.28,1,0.0,5,,LTE,LTE-5GNR,n78 - 3500 (TDD),64
2021-07-15 09:05:41.845,61.453075,23.844853,204.5,0,-110.9,9.5,-10.9,3,4,0.727,98.28,0.0,1,0.372,20.0,98.28,1,0.0,5,,LTE,LTE-5GNR,n78 - 3500 (TDD),64
2021-07-15 09:05:42.20,61.453075,23.844853,204.5,0,-110.9,9.5,-10.9,3,4,0.727,98.28,0.0,1,0.406,20.0,98.28,1,0.0,5,,LTE,LTE-5GNR,n78 - 3500 (TDD),64
2021-07-15 09:05:42.65,61.453075,23.844853,204.5,0,-109.7,10.7,-10.7,3,4,0.727,98.28,0.0,1,0.406,20.0,98.28,1,0.0,5,,LTE,LTE-5GNR,n78 - 3500 (TDD),64
2021-07-15 09:05:42.310,61.453075,23.844853,204.5,0,-109.7,10.7,-10.7,3,4,0.727,98.28,0.0,1,0.406,20.0,98.28,1,0.0,3,,LTE,LTE-5GNR,n78 - 3500 (TDD),64
2021-07-15 09:05:42.345,61.453075,23.844853,204.5,0,-109.7,10.7,-10.7,3,4,0.733,98.28,0.0,1,0.406,20.0,98.28,1,0.0,3,,LTE,LTE-5GNR,n78 - 3500 (TDD),64
2021-07-15 09:05:42.405,61.453075,23.844853,204.5,0,-109.7,10.7,-10.7,3,4,0.733,98.28,0.0,1,0.406,19.9,98.28,1,0.0,3,,LTE,LTE-5GNR,n78 - 3500 (TDD),64
2021-07-15 09:05:42.520,61.453075,23.844853,204.5,0,-109.7,10.7,-10.7,3,4,0.733,98.28,0.0,1,0.472,19.9,98.28,1,8.0,3,,LTE,LTE-5GNR,n78 - 3500 (TDD),64
2021-07-15 09:05:42.565,61.453075,23.844853,204.5,0,-110.2,10.0,-10.8,3,4,0.733,98.28,0.0,1,0.472,19.9,98.28,1,8.0,3,,LTE,LTE-5GNR,n78 - 3500 (TDD),64
2021-07-15 09:05:42.845,61.453075,23.844853,204.5,0,-110.2,10.0,-10.8,3,4,0.781,98.28,0.0,1,0.472,19.9,98.28,1,8.0,3,,LTE,LTE-5GNR,n78 - 3500 (TDD),64
2021-07-15 09:05:42.915,61.453075,23.844853,204.5,0,-110.2,10.0,-10.8,3,4,0.781,98.28,0.0,1,0.472,20.0,98.28,1,8.0,3,,LTE,LTE-5GNR,n78 - 3500 (TDD),64
2021-07-15 09:05:43.20,61.453075,23.844853,204.5,0,-110.2,10.0,-10.8,3,4,0.781,98.28,0.0,1,0.424,20.0,98.28,1,7.0,3,,LTE,LTE-5GNR,n78 - 3500 (TDD),64
2021-07-15 09:05:43.70,61.453075,23.844853,204.5,0,-111.9,8.0,-11.0,3,4,0.781,98.28,0.0,1,0.424,20.0,98.28,1,7.0,3,,LTE,LTE-5GNR,n78 - 3500 (TDD),64
2021-07-15 09:05:43.350,61.453075,23.844853,204.5,0,-111.9,8.0,-11.0,3,4,0.703,98.28,0.0,1,0.424,20.0,98.28,1,7.0,3,,LTE,LTE-5GNR,n78 - 3500 (TDD),64
2021-07-15 09:05:43.520,61.453075,23.844853,204.5,0,-111.9,8.0,-11.0,3,4,0.703,98.28,0.0,1,0.428,20.0,98.28,1,10.0,3,,LTE,LTE-5GNR,n78 - 3500 (TDD),64
2021-07-15 09:05:43.580,61.453075,23.844853,204.5,0,-111.9,8.1,-11.0,3,4,0.703,98.28,0.0,1,0.428,20.0,98.28,1,10.0,3,,LTE,LTE-5GNR,n78 - 3500 (TDD),64
2021-07-15 09:05:43.860,61.453075,23.844853,204.5,0,-111.9,8.1,-11.0,3,4,0.707,98.28,0.0,1,0.428,20.0,98.28,1,10.0,3,,LTE,LTE-5GNR,n78 - 3500 (TDD),64
2021-07-15 09:05:44.20,61.453075,23.844853,204.5,0,-111.9,8.1,-11.0,3,4,0.707,98.28,0.0,1,0.391,20.0,98.28,1,11.0,3,,LTE,LTE-5GNR,n78 - 3500 (TDD),64
2021-07-15 09:05:44.90,61.453075,23.844853,204.5,0,-113.4,8.1,-11.2,3,4,0.707,98.28,0.0,1,0.391,20.0,98.28,1,11.0,3,,LTE,LTE-5GNR,n78 - 3500 (TDD),64
2021-07-15 09:05:44.355,61.453075,23.844853,204.5,0,-113.4,8.1,-11.2,3,4,0.686,98.28,0.0,1,0.391,20.0,98.28,1,11.0,3,,LTE,LTE-5GNR,n78 - 3500 (TDD),64
2021-07-15 09:05:44.500,61.453075,23.844853,204.5,0,-114.8,5.9,-12.0,3,4,0.686,98.28,0.0,1,0.391,20.0,98.28,1,11.0,3,,LTE,LTE-5GNR,n78 - 3500 (TDD),64
2021-07-15 09:05:44.505,61.453075,23.844853,204.5,0,-114.8,5.9,-12.0,3,4,0.686,98.28,0.0,1,0.388,20.0,98.28,1,13.9,3,,LTE,LTE-5GNR,n78 - 3500 (TDD),64
2021-07-15 09:05:44.510,61.453075,23.844853,204.5,0,-114.8,5.9,-12.0,3,4,0.686,98.28,0.0,1,0.388,20.0,98.28,1,13.9,3,244/12,LTE,LTE-5GNR,n78 - 3500 (TDD),64
2021-07-15 09:05:44.720,61.453075,23.844853,204.5,0,-114.8,5.9,-12.0,3,4,0.686,98.28,0.0,1,0.388,19.5,98.28,1,13.9,3,244/12,LTE,LTE-5GNR,n78 - 3500 (TDD),64
2021-07-15 09:05:44.855,61.453075,23.844853,204.5,0,-114.8,5.9,-12.0,3,4,0.157,98.28,0.0,1,0.388,19.5,98.28,1,13.9,3,244/12,LTE,LTE-5GNR,n78 - 3500 (TDD),64
2021-07-15 09:05:45.5,61.453075,23.844853,204.5,0,-114.8,5.9,-12.0,3,4,0.157,98.28,0.0,1,0.388,19.5,98.28,1,13.9,2,244/12,LTE,LTE-5GNR,n78 - 3500 (TDD),64
2021-07-15 09:05:45.5,61.453075,23.844853,204.5,0,-114.8,5.9,-12.0,3,4,0.157,98.28,0.0,1,0.388,15.8,98.28,1,13.9,2,244/12,LTE,LTE-5GNR,n78 - 3500 (TDD),64
2021-07-15 09:05:45.5,61.453075,23.844853,204.5,0,-114.8,5.9,-12.0,3,4,0.157,98.28,0.0,1,0.249,15.8,98.28,1,4.2,2,244/12,LTE,LTE-5GNR,n78 - 3500 (TDD),64
2021-07-15 09:05:45.50,61.453075,23.844853,204.5,0,-110.6,8.4,-11.2,3,0,0.157,98.28,0.0,1,0.249,15.8,98.28,1,4.2,2,244/12,LTE,LTE-5GNR,n78 - 3500 (TDD),87
2021-07-15 09:05:45.360,61.453075,23.844853,204.5,0,-110.6,8.4,-11.2,3,0,0.098,98.28,0.0,1,0.249,15.8,98.28,1,4.2,2,244/12,LTE,LTE-5GNR,n78 - 3500 (TDD),87
2021-07-15 09:05:45.505,61.453075,23.844853,204.5,0,-110.6,8.4,-11.2,3,0,0.098,98.28,0.0,1,1.274,15.8,98.28,1,7.0,2,244/12,LTE,LTE-5GNR,n78 - 3500 (TDD),87
2021-07-15 09:05:45.510,61.453075,23.844853,204.5,0,-110.6,8.4,-11.2,3,0,0.098,98.28,0.0,1,1.274,20.0,98.28,1,7.0,2,244/12,LTE,LTE-5GNR,n78 - 3500 (TDD),87
2021-07-15 09:05:45.550,61.453075,23.844853,204.5,0,-113.8,5.6,-12.2,3,0,0.098,98.28,0.0,1,1.274,20.0,98.28,1,7.0,2,244/12,LTE,LTE-5GNR,n78 - 3500 (TDD),87
2021-07-15 09:05:45.805,61.453075,23.844853,204.5,0,-113.8,5.6,-12.2,3,0,0.098,98.28,0.0,1,1.274,20.0,98.28,1,7.0,1,244/12,LTE,LTE-5GNR,n78 - 3500 (TDD),87
2021-07-15 09:05:45.805,61.453075,23.844853,204.5,0,-113.8,5.6,-12.2,3,0,0.098,98.28,0.0,1,1.274,19.9,98.28,1,7.0,1,244/12,LTE,LTE-5GNR,n78 - 3500 (TDD),87
2021-07-15 09:05:45.855,61.453075,23.844853,204.5,0,-113.8,5.6,-12.2,3,0,0.176,98.28,0.0,1,1.274,19.9,98.28,1,7.0,1,244/12,LTE,LTE-5GNR,n78 - 3500 (TDD),87
2021-07-15 09:05:46.5,61.453075,23.844853,204.5,0,-113.8,5.6,-12.2,3,0,0.176,98.28,0.0,1,1.605,19.9,98.28,1,6.0,1,244/12,LTE,LTE-5GNR,n78 - 3500 (TDD),87
2021-07-15 09:05:46.50,61.453075,23.844853,204.5,0,-116.3,3.8,-13.4,3,0,0.176,98.28,0.0,1,1.605,19.9,98.28,1,6.0,1,244/12,LTE,LTE-5GNR,n78 - 3500 (TDD),87
2021-07-15 09:05:46.205,61.453075,23.844853,204.5,0,-116.3,3.8,-13.4,3,0,0.176,98.28,0.0,1,1.605,13.8,98.28,1,6.0,1,244/12,LTE,LTE-5GNR,n78 - 3500 (TDD),87
2021-07-15 09:05:46.330,61.453075,23.844853,204.5,0,-116.3,3.8,-13.4,3,0,0.097,98.28,0.0,1,1.605,13.8,98.28,1,6.0,1,244/12,LTE,LTE-5GNR,n78 - 3500 (TDD),87
2021-07-15 09:05:46.505,61.453075,23.844853,204.5,0,-116.3,3.8,-13.4,3,0,0.097,98.28,0.0,1,0.661,13.8,98.28,1,33.0,1,244/12,LTE,LTE-5GNR,n78 - 3500 (TDD),87
2021-07-15 09:05:46.555,61.453075,23.844853,204.5,0,-116.4,4.3,-13.2,3,0,0.097,98.28,0.0,1,0.661,13.8,98.28,1,33.0,1,244/12,LTE,LTE-5GNR,n78 - 3500 (TDD),87
2021-07-15 09:05:46.840,61.453075,23.844853,204.5,0,-116.4,4.3,-13.2,3,0,0.05,98.28,0.0,1,0.661,13.8,98.28,1,33.0,1,244/12,LTE,LTE-5GNR,n78 - 3500 (TDD),87
2021-07-15 09:05:47.5,61.453075,23.844853,204.5,0,-116.4,4.3,-13.2,3,0,0.05,98.28,0.0,1,0.418,13.8,98.28,1,9.0,1,244/12,LTE,LTE-5GNR,n78 - 3500 (TDD),87
2021-07-15 09:05:47.55,61.453075,23.844853,204.5,0,-118.8,3.5,-13.3,3,0,0.05,98.28,0.0,1,0.418,13.8,98.28,1,9.0,1,244/12,LTE,LTE-5GNR,n78 - 3500 (TDD),87
2021-07-15 09:05:47.360,61.453075,23.844853,204.5,0,-118.8,3.5,-13.3,3,0,0.043,98.28,0.0,1,0.418,13.8,98.28,1,9.0,1,244/12,LTE,LTE-5GNR,n78 - 3500 (TDD),87
2021-07-15 09:05:47.505,61.453075,23.844853,204.5,0,-118.8,3.5,-13.3,3,0,0.043,98.28,0.0,1,0.572,13.8,98.28,1,0.0,1,244/12,LTE,LTE-5GNR,n78 - 3500 (TDD),87
2021-07-15 09:05:47.555,61.453075,23.844853,204.5,0,-118.8,3.7,-13.3,3,0,0.043,98.28,0.0,1,0.572,13.8,98.28,1,0.0,1,244/12,LTE,LTE-5GNR,n78 - 3500 (TDD),87
2021-07-15 09:05:47.695,61.453075,23.844853,204.5,0,-118.8,3.7,-13.3,3,0,0.043,98.28,0.0,1,0.572,,98.28,1,0.0,,244/12,LTE,LTE-5GNR,n78 - 3500 (TDD),87
2021-07-15 09:05:47.810,61.453075,23.844853,204.5,0,-118.8,3.7,-13.3,3,0,0.043,98.28,0.0,1,0.572,,98.28,1,0.0,1,244/12,LTE,LTE-5GNR,n78 - 3500 (TDD),87
2021-07-15 09:05:47.850,61.453075,23.844853,204.5,0,-118.8,3.7,-13.3,3,0,0.057,98.28,0.0,1,0.572,,98.28,1,0.0,1,244/12,LTE,LTE-5GNR,n78 - 3500 (TDD),87
2021-07-15 09:05:48.5,61.453075,23.844853,204.5,0,-118.8,3.7,-13.3,3,0,0.057,98.28,0.0,1,0.926,,98.28,1,0.0,1,244/12,LTE,LTE-5GNR,n78 - 3500 (TDD),87
2021-07-15 09:05:48.55,61.453075,23.844853,204.5,0,-117.2,4.8,-12.6,3,0,0.057,98.28,0.0,1,0.926,,98.28,1,0.0,1,244/12,LTE,LTE-5GNR,n78 - 3500 (TDD),87
2021-07-15 09:05:48.115,61.453082,23.844870,204.2,0,-117.2,4.8,-12.6,3,0,0.057,98.28,0.0,1,0.926,,98.28,1,0.0,1,244/12,LTE,LTE-5GNR,n78 - 3500 (TDD),87
2021-07-15 09:05:48.130,61.453082,23.844870,204.2,0,-117.2,4.8,-12.6,3,0,0.057,98.28,0.0,1,0.926,20.0,98.28,1,0.0,1,244/12,LTE,LTE-5GNR,n78 - 3500 (TDD),87
2021-07-15 09:05:48.360,61.453082,23.844870,204.2,0,-117.2,4.8,-12.6,3,0,0.12,98.28,0.0,1,0.926,20.0,98.28,1,0.0,1,244/12,LTE,LTE-5GNR,n78 - 3500 (TDD),87
2021-07-15 09:05:48.505,61.453082,23.844870,204.2,0,-117.2,4.8,-12.6,3,0,0.12,98.28,0.0,1,1.154,20.0,98.28,1,6.5,1,244/12,LTE,LTE-5GNR,n78 - 3500 (TDD),87
2021-07-15 09:05:48.555,61.453082,23.844870,204.2,0,-116.6,3.7,-12.7,3,0,0.12,98.28,0.0,1,1.154,20.0,98.28,1,6.5,1,244/12,LTE,LTE-5GNR,n78 - 3500 (TDD),87
2021-07-15 09:05:48.605,61.453082,23.844870,204.2,0,-116.6,3.7,-12.7,3,0,0.12,98.28,0.0,1,1.154,19.9,98.28,1,6.5,1,244/12,LTE,LTE-5GNR,n78 - 3500 (TDD),87
2021-07-15 09:05:48.610,61.453082,23.844870,204.2,0,-116.6,3.7,-12.7,3,0,0.12,98.28,0.0,1,1.154,19.9,98.28,1,6.5,0,244/12,LTE,LTE-5GNR,n78 - 3500 (TDD),87
2021-07-15 09:05:48.860,61.453082,23.844870,204.2,0,-116.6,3.7,-12.7,3,0,0.348,98.28,0.0,1,1.154,19.9,98.28,1,6.5,0,244/12,LTE,LTE-5GNR,n78 - 3500 (TDD),87
2021-07-15 09:05:49.5,61.453082,23.844870,204.2,0,-116.6,3.7,-12.7,3,0,0.348,98.28,0.0,1,0.752,19.9,98.28,1,3.6,0,244/12,LTE,LTE-5GNR,n78 - 3500 (TDD),87
2021-07-15 09:05:49.30,61.453083,23.844872,204.2,0,-116.6,3.7,-12.7,3,0,0.348,98.28,0.0,1,0.752,19.9,98.28,1,3.6,0,244/12,LTE,LTE-5GNR,n78 - 3500 (TDD),87
2021-07-15 09:05:49.55,61.453083,23.844872,204.2,0,-117.6,5.4,-13.7,3,0,0.348,98.28,0.0,1,0.752,19.9,98.28,1,3.6,0,244/12,LTE,LTE-5GNR,n78 - 3500 (TDD),87
2021-07-15 09:05:49.120,61.453083,23.844872,204.2,0,-117.6,5.4,-13.7,3,0,0.348,98.28,0.0,1,0.752,20.0,98.28,1,3.6,0,244/12,LTE,LTE-5GNR,n78 - 3500 (TDD),87
2021-07-15 09:05:49.360,61.453083,23.844872,204.2,0,-117.6,5.4,-13.7,3,0,0.755,98.28,0.0,1,0.752,20.0,98.28,1,3.6,0,244/12,LTE,LTE-5GNR,n78 - 3500 (TDD),87
2021-07-15 09:05:49.505,61.453083,23.844872,204.2,0,-117.6,5.4,-13.7,3,0,0.755,98.28,0.0,1,0.481,20.0,98.28,1,2.5,0,244/12,LTE,LTE-5GNR,n78 - 3500 (TDD),87
2021-07-15 09:05:49.555,61.453083,23.844872,204.2,0,-117.9,4.3,-13.5,3,0,0.755,98.28,0.0,1,0.481,20.0,98.28,1,2.5,0,244/12,LTE,LTE-5GNR,n78 - 3500 (TDD),87
2021-07-15 09:05:49.610,61.453083,23.844872,204.2,0,-117.9,4.3,-13.5,3,0,0.755,98.28,0.0,1,0.481,20.0,98.28,1,2.5,-1,244/12,LTE,LTE-5GNR,n78 - 3500 (TDD),87
2021-07-15 09:05:49.810,61.453083,23.844872,204.2,0,-117.9,4.3,-13.5,3,0,1.291,98.28,0.0,1,0.481,20.0,98.28,1,2.5,-1,244/12,LTE,LTE-5GNR,n78 - 3500 (TDD),87
2021-07-15 09:05:49.815,61.453083,23.844872,204.2,0,-120.3,4.3,-14.6,3,0,1.291,98.28,0.0,1,0.481,20.0,98.28,1,2.5,-1,244/12,LTE,LTE-5GNR,n78 - 3500 (TDD),87
2021-07-15 09:05:49.825,61.453083,23.844872,204.2,0,-120.3,4.3,-14.6,4,0,1.291,98.28,0.0,1,0.481,20.0,98.28,1,2.5,-1,244/12,LTE,LTE-5GNR,n78 - 3500 (TDD),87
2021-07-15 09:05:49.975,61.453083,23.844872,204.2,0,-120.3,4.3,-14.6,4,0,1.291,98.28,0.0,1,0.481,19.6,98.28,1,2.5,-1,244/12,LTE,LTE-5GNR,n78 - 3500 (TDD),87
2021-07-15 09:05:50.10,61.453083,23.844872,204.2,0,-120.3,4.3,-14.6,4,0,1.291,98.28,0.0,1,0.229,19.6,98.28,1,20.9,-1,244/12,LTE,LTE-5GNR,n78 - 3500 (TDD),87
2021-07-15 09:05:50.90,61.453083,23.844872,204.2,0,-120.3,4.3,-14.6,4,0,1.291,98.28,0.0,1,0.229,19.6,98.28,1,20.9,-6,244/12,LTE,LTE-5GNR,n78 - 3500 (TDD),87
2021-07-15 09:05:50.330,61.453083,23.844872,204.2,0,-120.3,4.3,-14.6,4,0,0.05,98.28,0.0,1,0.229,19.6,98.28,1,20.9,-6,244/12,LTE,LTE-5GNR,n78 - 3500 (TDD),87
2021-07-15 09:05:50.365,61.453083,23.844872,204.2,0,-113.3,9.3,-11.2,4,4,0.05,98.28,0.0,1,0.229,19.6,98.28,1,20.9,-6,244/12,LTE,LTE-5GNR,n78 - 3500 (TDD),64
2021-07-15 09:05:50.510,61.453083,23.844872,204.2,0,-113.3,9.3,-11.2,4,4,0.05,98.28,0.0,1,0.408,19.6,98.28,1,0.5,-6,244/12,LTE,LTE-5GNR,n78 - 3500 (TDD),64
2021-07-15 09:05:50.575,61.453083,23.844872,204.2,0,-113.3,9.3,-11.2,4,4,0.05,98.28,0.0,1,0.408,19.6,98.28,1,0.5,-8,244/12,LTE,LTE-5GNR,n78 - 3500 (TDD),64
2021-07-15 09:05:50.840,61.453083,23.844872,204.2,0,-113.3,9.3,-11.2,4,4,0.078,98.28,0.0,1,0.408,19.6,98.28,1,0.5,-8,244/12,LTE,LTE-5GNR,n78 - 3500 (TDD),64
2021-07-15 09:05:50.865,61.453083,23.844872,204.2,0,-115.4,7.4,-11.5,4,4,0.078,98.28,0.0,1,0.408,19.6,98.28,1,0.5,-8,244/12,LTE,LTE-5GNR,n78 - 3500 (TDD),64
2021-07-15 09:05:51.10,61.453083,23.844872,204.2,0,-115.4,7.4,-11.5,4,4,0.078,98.28,0.0,1,0.792,19.6,98.28,1,7.0,-8,244/12,LTE,LTE-5GNR,n78 - 3500 (TDD),64
2021-07-15 09:05:51.55,61.453083,23.844872,204.2,0,-115.4,7.4,-11.5,4,4,0.078,98.28,0.0,1,0.792,16.1,98.28,1,7.0,-8,244/12,LTE,LTE-5GNR,n78 - 3500 (TDD),64
2021-07-15 09:05:51.110,61.453083,23.844872,204.2,0,-115.4,7.4,-11.5,4,4,0.078,98.28,0.0,1,0.792,16.1,98.28,1,7.0,-10,244/12,LTE,LTE-5GNR,n78 - 3500 (TDD),64
2021-07-15 09:05:51.335,61.453083,23.844872,204.2,0,-115.4,7.4,-11.5,4,4,0.132,98.28,2.7,1,0.792,16.1,98.28,1,7.0,-10,244/12,LTE,LTE-5GNR,n78 - 3500 (TDD),64
2021-07-15 09:05:51.360,61.453083,23.844872,204.2,0,-113.1,9.9,-11.1,4,4,0.132,98.28,2.7,1,0.792,16.1,98.28,1,7.0,-10,244/12,LTE,LTE-5GNR,n78 - 3500 (TDD),64
2021-07-15 09:05:51.410,61.453083,23.844872,204.2,0,-113.1,9.9,-11.1,4,4,0.132,98.28,2.7,1,0.792,19.9,98.28,1,7.0,-10,244/12,LTE,LTE-5GNR,n78 - 3500 (TDD),64
2021-07-15 09:05:51.510,61.453083,23.844872,204.2,0,-113.1,9.9,-11.1,4,4,0.132,98.28,2.7,1,0.727,19.9,98.28,1,7.0,-10,244/12,LTE,LTE-5GNR,n78 - 3500 (TDD),64
2021-07-15 09:05:51.580,61.453083,23.844872,204.2,0,-113.1,9.9,-11.1,4,4,0.132,98.28,2.7,1,0.727,19.9,98.28,1,7.0,-9,244/12,LTE,LTE-5GNR,n78 - 3500 (TDD),64
2021-07-15 09:05:51.610,61.453083,23.844872,204.2,0,-113.1,9.9,-11.1,4,4,0.132,98.28,2.7,1,0.727,12.8,98.28,1,7.0,-9,244/12,LTE,LTE-5GNR,n78 - 3500 (TDD),64
2021-07-15 09:05:51.855,61.453083,23.844872,204.2,0,-113.1,9.9,-11.1,4,4,0.062,98.28,4.2,1,0.727,12.8,98.28,1,7.0,-9,244/12,LTE,LTE-5GNR,n78 - 3500 (TDD),64
2021-07-15 09:05:51.865,61.453083,23.844872,204.2,0,-114.8,10.7,-11.4,4,4,0.062,98.28,4.2,1,0.727,12.8,98.28,1,7.0,-9,244/12,LTE,LTE-5GNR,n78 - 3500 (TDD),64
2021-07-15 09:05:52.10,61.453083,23.844872,204.2,0,-114.8,10.7,-11.4,4,4,0.062,98.28,4.2,1,0.607,12.8,98.28,1,13.0,-9,244/12,LTE,LTE-5GNR,n78 - 3500 (TDD),64
2021-07-15 09:05:52.345,61.453083,23.844872,204.2,0,-114.8,10.7,-11.4,4,4,0.062,98.28,4.2,1,0.607,13.5,98.28,1,13.0,-9,244/12,LTE,LTE-5GNR,n78 - 3500 (TDD),64
2021-07-15 09:05:52.345,61.453083,23.844872,204.2,0,-114.8,10.7,-11.4,4,4,0.044,98.28,0.0,1,0.607,13.5,98.28,1,13.0,-9,244/12,LTE,LTE-5GNR,n78 - 3500 (TDD),64
2021-07-15 09:05:52.365,61.453083,23.844872,204.2,0,-117.2,8.8,-11.9,4,4,0.044,98.28,0.0,1,0.607,13.5,98.28,1,13.0,-9,244/12,LTE,LTE-5GNR,n78 - 3500 (TDD),64
2021-07-15 09:05:52.425,61.453083,23.844872,204.2,0,-117.2,8.8,-11.9,4,4,0.044,98.28,0.0,1,0.607,14.0,98.28,1,13.0,-9,244/12,LTE,LTE-5GNR,n78 - 3500 (TDD),64
2021-07-15 09:05:52.510,61.453083,23.844872,204.2,0,-117.2,8.8,-11.9,4,4,0.044,98.28,0.0,1,0.598,14.0,98.28,1,8.5,-9,244/12,LTE,LTE-5GNR,n78 - 3500 (TDD),64
2021-07-15 09:05:52.840,61.453083,23.844872,204.2,0,-117.2,8.8,-11.9,4,4,0.04,98.28,0.0,1,0.598,14.0,98.28,1,8.5,-9,244/12,LTE,LTE-5GNR,n78 - 3500 (TDD),64
2021-07-15 09:05:52.865,61.453083,23.844872,204.2,0,-116.4,9.9,-11.6,4,4,0.04,98.28,0.0,1,0.598,14.0,98.28,1,8.5,-9,244/12,LTE,LTE-5GNR,n78 - 3500 (TDD),64
2021-07-15 09:05:53.10,61.453083,23.844872,204.2,0,-116.4,9.9,-11.6,4,4,0.04,98.28,0.0,1,0.518,14.0,98.28,1,14.5,-9,244/12,LTE,LTE-5GNR,n78 - 3500 (TDD),64
2021-07-15 09:05:53.325,61.453083,23.844872,204.2,0,-116.4,9.9,-11.6,4,4,0.038,98.28,0.0,1,0.518,14.0,98.28,1,14.5,-9,244/12,LTE,LTE-5GNR,n78 - 3500 (TDD),64
2021-07-15 09:05:53.365,61.453083,23.844872,204.2,0,-116.1,9.5,-11.5,4,4,0.038,98.28,0.0,1,0.518,14.0,98.28,1,14.5,-9,244/12,LTE,LTE-5GNR,n78 - 3500 (TDD),64
2021-07-15 09:05:53.510,61.453083,23.844872,204.2,0,-116.1,9.5,-11.5,4,4,0.038,98.28,0.0,1,0.52,14.0,98.28,1,5.5,-9,244/12,LTE,LTE-5GNR,n78 - 3500 (TDD),64
2021-07-15 09:05:53.695,61.453083,23.844872,204.2,0,-116.1,9.5,-11.5,4,4,0.038,98.28,0.0,1,0.52,,98.28,1,5.5,,244/12,LTE,LTE-5GNR,n78 - 3500 (TDD),64
2021-07-15 09:05:53.825,61.453083,23.844872,204.2,0,-116.1,9.5,-11.5,4,4,0.041,98.28,0.0,1,0.52,,98.28,1,5.5,,244/12,LTE,LTE-5GNR,n78 - 3500 (TDD),64
2021-07-15 09:05:53.865,61.453083,23.844872,204.2,0,-116.4,10.4,-11.6,4,4,0.041,98.28,0.0,1,0.52,,98.28,1,5.5,,244/12,LTE,LTE-5GNR,n78 - 3500 (TDD),64
2021-07-15 09:05:53.955,61.453083,23.844872,204.2,0,-116.4,10.4,-11.6,4,4,0.041,98.28,0.0,1,0.52,14.2,98.28,1,5.5,,244/12,LTE,LTE-5GNR,n78 - 3500 (TDD),64
2021-07-15 09:05:54.10,61.453083,23.844872,204.2,0,-116.4,10.4,-11.6,4,4,0.041,98.28,0.0,1,0.56,14.2,98.28,1,9.2,,244/12,LTE,LTE-5GNR,n78 - 3500 (TDD),64
2021-07-15 09:05:54.110,61.453083,23.844872,204.2,0,-116.4,10.4,-11.6,4,4,0.041,98.28,0.0,1,0.56,14.2,98.28,1,9.2,-8,244/12,LTE,LTE-5GNR,n78 - 3500 (TDD),64
2021-07-15 09:05:54.325,61.453083,23.844872,204.2,0,-116.4,10.4,-11.6,4,4,0.528,98.28,0.0,1,0.56,14.2,98.28,1,9.2,-8,244/12,LTE,LTE-5GNR,n78 - 3500 (TDD),64
2021-07-15 09:05:54.365,61.453083,23.844872,204.2,0,-116.9,8.8,-11.8,4,4,0.528,98.28,0.0,1,0.56,14.2,98.28,1,9.2,-8,244/12,LTE,LTE-5GNR,n78 - 3500 (TDD),64
2021-07-15 09:05:54.455,61.453083,23.844872,204.2,0,-116.9,8.8,-11.8,4,4,0.528,98.28,0.0,1,0.56,20.0,98.28,1,9.2,-8,244/12,LTE,LTE-5GNR,n78 - 3500 (TDD),64
2021-07-15 09:05:54.510,61.453083,23.844872,204.2,0,-116.9,8.8,-11.8,4,4,0.528,98.28,0.0,1,0.326,20.0,98.28,1,8.0,-8,244/12,LTE,LTE-5GNR,n78 - 3500 (TDD),64
2021-07-15 09:05:54.825,61.453083,23.844872,204.2,0,-116.9,8.8,-11.8,4,4,1.211,98.28,0.5,1,0.326,20.0,98.28,1,8.0,-8,244/12,LTE,LTE-5GNR,n78 - 3500 (TDD),64
2021-07-15 09:05:54.865,61.453083,23.844872,204.2,0,-115.7,9.3,-11.5,4,4,1.211,98.28,0.5,1,0.326,20.0,98.28,1,8.0,-8,244/12,LTE,LTE-5GNR,n78 - 3500 (TDD),64
2021-07-15 09:05:55.10,61.453083,23.844872,204.2,0,-115.7,9.3,-11.5,4,4,1.211,98.28,0.5,1,0.244,20.0,98.28,1,14.0,-8,244/12,LTE,LTE-5GNR,n78 - 3500 (TDD),64
2021-07-15 09:05:55.325,61.453083,23.844872,204.2,0,-115.7,9.3,-11.5,4,4,0.863,98.28,0.0,1,0.244,20.0,98.28,1,14.0,-8,244/12,LTE,LTE-5GNR,n78 - 3500 (TDD),64
2021-07-15 09:05:55.365,61.453083,23.844872,204.2,0,-117.1,7.5,-11.9,4,4,0.863,98.28,0.0,1,0.244,20.0,98.28,1,14.0,-8,244/12,LTE,LTE-5GNR,n78 - 3500 (TDD),64
2021-07-15 09:05:55.510,61.453083,23.844872,204.2,0,-117.1,7.5,-11.9,4,4,0.863,98.28,0.0,1,0.269,20.0,98.28,1,5.5,-8,244/12,LTE,LTE-5GNR,n78 - 3500 (TDD),64
2021-07-15 09:05:55.825,61.453083,23.844872,204.2,0,-117.1,7.5,-11.9,4,4,0.813,98.28,0.0,1,0.269,20.0,98.28,1,5.5,-8,244/12,LTE,LTE-5GNR,n78 - 3500 (TDD),64
2021-07-15 09:05:55.865,61.453083,23.844872,204.2,0,-119.9,6.6,-13.2,4,4,0.813,98.28,0.0,1,0.269,20.0,98.28,1,5.5,-8,244/12,LTE,LTE-5GNR,n78 - 3500 (TDD),64
2021-07-15 09:05:56.10,61.453083,23.844872,204.2,0,-119.9,6.6,-13.2,4,4,0.813,98.28,0.0,1,0.329,20.0,98.28,1,4.0,-8,244/12,LTE,LTE-5GNR,n78 - 3500 (TDD),64
2021-07-15 09:05:56.110,61.453083,23.844872,204.2,0,-119.9,6.6,-13.2,4,4,0.813,98.28,0.0,1,0.329,20.0,98.28,1,4.0,-6,244/12,LTE,LTE-5GNR,n78 - 3500 (TDD),64
2021-07-15 09:05:56.325,61.453083,23.844872,204.2,0,-119.9,6.6,-13.2,4,4,0.868,98.28,0.0,1,0.329,20.0,98.28,1,4.0,-6,244/12,LTE,LTE-5GNR,n78 - 3500 (TDD),64
2021-07-15 09:05:56.365,61.453083,23.844872,204.2,0,-119.0,7.5,-12.9,4,4,0.868,98.28,0.0,1,0.329,20.0,98.28,1,4.0,-6,244/12,LTE,LTE-5GNR,n78 - 3500 (TDD),64
2021-07-15 09:05:56.510,61.453083,23.844872,204.2,0,-119.0,7.5,-12.9,4,4,0.868,98.28,0.0,1,0.381,20.0,98.28,1,1.5,-6,244/12,LTE,LTE-5GNR,n78 - 3500 (TDD),64
2021-07-15 09:05:56.825,61.453083,23.844872,204.2,0,-119.0,7.5,-12.9,4,4,0.838,98.28,0.0,1,0.381,20.0,98.28,1,1.5,-6,244/12,LTE,LTE-5GNR,n78 - 3500 (TDD),64
2021-07-15 09:05:56.865,61.453083,23.844872,204.2,0,-120.8,7.7,-13.6,4,4,0.838,98.28,0.0,1,0.381,20.0,98.28,1,1.5,-6,244/12,LTE,LTE-5GNR,n78 - 3500 (TDD),64
2021-07-15 09:05:56.890,61.453083,23.844872,204.2,0,-119.8,8.8,-13.6,4,4,0.838,98.28,0.0,1,0.381,20.0,98.28,1,1.5,-6,244/12,LTE,LTE-5GNR,n78 - 3500 (TDD),64
2021-07-15 09:05:56.905,61.453083,23.844872,204.2,0,-119.8,8.8,-13.6,2,4,0.838,98.28,0.0,1,0.381,20.0,98.28,1,1.5,-6,244/12,LTE,LTE-5GNR,n78 - 3500 (TDD),64
2021-07-15 09:05:57.10,61.453083,23.844872,204.2,0,-119.8,8.8,-13.6,2,4,0.838,98.28,0.0,1,0.314,20.0,98.28,1,4.8,-6,244/12,LTE,LTE-5GNR,n78 - 3500 (TDD),64
2021-07-15 09:05:57.115,61.453083,23.844872,204.2,0,-119.8,8.8,-13.6,2,4,0.838,98.28,0.0,1,0.314,20.0,98.28,1,4.8,-7,244/12,LTE,LTE-5GNR,n78 - 3500 (TDD),64
2021-07-15 09:05:57.310,61.453083,23.844872,204.2,0,-119.8,8.8,-13.6,2,4,0.215,98.28,1.5,1,0.314,20.0,98.28,1,4.8,-7,244/12,LTE,LTE-5GNR,n78 - 3500 (TDD),64
2021-07-15 09:05:57.420,61.453083,23.844872,204.2,0,-119.8,8.8,-13.6,2,4,0.215,98.28,1.5,1,0.314,19.5,98.28,1,4.8,-7,244/12,LTE,LTE-5GNR,n78 - 3500 (TDD),64
2021-07-15 09:05:57.430,61.453083,23.844872,204.2,0,-116.5,3.4,-12.8,2,0,0.215,98.28,1.5,1,0.314,19.5,98.28,1,4.8,-7,244/12,LTE,LTE-5GNR,n78 - 3500 (TDD),87
2021-07-15 09:05:57.510,61.453083,23.844872,204.2,0,-116.5,3.4,-12.8,2,0,0.215,98.28,1.5,1,0.408,19.5,98.28,1,1.5,-7,244/12,LTE,LTE-5GNR,n78 - 3500 (TDD),87
2021-07-15 09:05:57.615,61.453083,23.844872,204.2,0,-116.5,3.4,-12.8,2,0,0.215,98.28,1.5,1,0.408,19.5,98.28,1,1.5,-6,244/12,LTE,LTE-5GNR,n78 - 3500 (TDD),87
